factor,level,distance_m,tilt_deg,tag_edge_px,pixel_noise_std_px,intrinsic_perturbation_fraction,trials,success_rate,mean_translation_error_mm,p95_translation_error_mm,mean_orientation_error_deg,p95_orientation_error_deg,mean_reprojection_error_px
distance_m,0.5,0.5,20.0,215.39838029481476,0.5,0.0,30,1.0,0.8655180009533889,1.9819578016805577,0.6807737727678639,1.1197483202850442,0.35228046507377775
distance_m,0.8,0.8,20.0,134.1209669142804,0.5,0.0,30,1.0,2.557778561387453,5.1718392184821,1.2738889437386443,2.2903805724855353,0.26497173289842285
distance_m,1.2,1.2,20.0,89.25127601473612,0.5,0.0,30,1.0,5.97702274730586,12.34011287376581,1.7776962969155166,3.0838572796641754,0.3171408125595906
distance_m,1.6,1.6,20.0,66.88216620813844,0.5,0.0,30,1.0,9.41900175661645,21.495336916623444,3.4195018754707505,4.886102860847098,0.36757849725407005
tilt_deg,5.0,0.8,5.0,137.50844914397916,0.5,0.0,30,1.0,2.7896296031537298,6.0505023447241735,4.865674920136688,10.433595680463707,0.4149189498611794
tilt_deg,20.0,0.8,20.0,134.1209669142804,0.5,0.0,30,1.0,2.6349886480393123,5.867454024067395,1.0650489961987661,2.191123674373416,0.3402207068392127
tilt_deg,40.0,0.8,40.0,122.89725135414008,0.5,0.0,30,1.0,2.1148815076819316,4.085951668364982,0.6581422773599213,1.3242815470194214,0.3120831706676578
tilt_deg,60.0,0.8,60.0,105.2372945758133,0.5,0.0,30,1.0,2.1497343947709613,4.820382550760605,0.3163117211605354,0.5707296102870288,0.2987544026311643
pixel_noise_std_px,0.0,0.8,20.0,134.1209669142804,0.0,0.0,30,1.0,1.1741143653860668e-13,1.1741143653860666e-13,0.0,0.0,1.732989925360884e-12
pixel_noise_std_px,0.25,0.8,20.0,134.1209669142804,0.25,0.0,30,1.0,1.1409736479597226,2.2880954617730436,0.565378583931172,0.8975037994540466,0.14382228526958732
pixel_noise_std_px,0.5,0.8,20.0,134.1209669142804,0.5,0.0,30,1.0,2.775254797780331,6.910298400802514,1.0728382483504677,1.9186052235408046,0.2855701683984985
pixel_noise_std_px,1.0,0.8,20.0,134.1209669142804,1.0,0.0,30,1.0,5.757714994597106,11.182854081533876,2.1503603622625564,3.4972921151869794,0.6112270606507584
pixel_noise_std_px,2.0,0.8,20.0,134.1209669142804,2.0,0.0,30,1.0,9.650530334027785,22.332817669700198,7.810005889993341,36.60013846950592,1.3070996699908985
intrinsic_perturbation_fraction,0.0,0.8,20.0,134.1209669142804,0.0,0.0,30,1.0,1.1741143653860668e-13,1.1741143653860666e-13,0.0,0.0,1.732989925360884e-12
intrinsic_perturbation_fraction,0.005,0.8,20.0,134.1209669142804,0.0,0.005,30,1.0,4.600537777274264,4.600537777274265,1.4448332386156466,1.4448332386156473,0.13027297904258078
intrinsic_perturbation_fraction,0.01,0.8,20.0,134.1209669142804,0.0,0.01,30,1.0,9.223995617618183,9.223995617618183,2.7694342333109607,2.7694342333109607,0.25072336598471096
intrinsic_perturbation_fraction,0.02,0.8,20.0,134.1209669142804,0.0,0.02,30,1.0,18.483631841522815,18.48363184152282,5.1382752669729355,5.138275266972937,0.4689790333257267
blur_sigma_px,0.0,1.4,20.0,75.91637195799134,8.0,0.0,12,1.0,13.660347462851032,25.255471015260948,1.0792192340652285,1.887774029540583,0.14157305814251778
blur_sigma_px,1.5,1.4,20.0,75.91637195799134,8.0,0.0,12,1.0,13.358971854300892,24.210052895663463,5.035078799988692,19.496783781342018,0.48737143806806765
blur_sigma_px,3.0,1.4,20.0,75.91637195799134,8.0,0.0,12,1.0,15.63382016375144,33.51479046264509,10.384317503205649,42.97183463307396,0.4747256484116613
blur_sigma_px,5.0,1.4,20.0,75.91637195799134,8.0,0.0,12,0.25,10.248312026516402,12.117357765615429,2.305585823745025,2.6534699634938157,0.4111570406236778
